{"cameraMode":{"drawMode":0,"name":"Shaded","section":"Shading Mode"},"sceneLighting":true,"audioPlay":false,"sceneViewState":{"showFog":true,"showMaterialUpdate":true,"showSkybox":true,"showFlares":true,"showImageEffects":true,"showParticleSystems":true},"in2DMode":false,"pivot":{"x":-2.3480746746063234,"y":-0.55926513671875,"z":-3.413464069366455},"rotation":{"x":0.17683643102645875,"y":-0.3161267936229706,"z":0.059948280453681949,"w":0.930246114730835},"size":3.3484745025634767,"orthographic":false}