{"cameraMode":{"drawMode":0,"name":"Shaded","section":"Shading Mode"},"sceneLighting":true,"audioPlay":false,"sceneViewState":{"showFog":false,"showMaterialUpdate":true,"showSkybox":true,"showFlares":true,"showImageEffects":true,"showParticleSystems":true},"in2DMode":false,"pivot":{"x":1.6399998664855958,"y":0.8500000238418579,"z":-6.269999980926514},"rotation":{"x":-0.15395846962928773,"y":0.23814640939235688,"z":-0.03825219348073006,"w":-0.9582043886184692},"size":0.8660253882408142,"orthographic":false}