{"cameraMode":{"drawMode":0,"name":"Shaded","section":"Shading Mode"},"sceneLighting":true,"audioPlay":false,"sceneViewState":{"showFog":true,"showMaterialUpdate":true,"showSkybox":true,"showFlares":true,"showImageEffects":true,"showParticleSystems":true},"in2DMode":false,"pivot":{"x":-0.24065303802490235,"y":-0.8780665397644043,"z":-4.424395561218262},"rotation":{"x":0.21807631850242616,"y":-0.5733672380447388,"z":0.16152912378311158,"w":0.7731459140777588},"size":5.783135890960693,"orthographic":false}