{"cameraMode":{"drawMode":0,"name":"Shaded","section":"Shading Mode"},"sceneLighting":true,"audioPlay":false,"sceneViewState":{"showFog":true,"showMaterialUpdate":false,"showSkybox":true,"showFlares":true,"showImageEffects":true,"showParticleSystems":true},"in2DMode":false,"pivot":{"x":0.23332880437374116,"y":1.0926146507263184,"z":0.38610488176345827},"rotation":{"x":-0.02321450226008892,"y":0.9720467329025269,"z":-0.10923805087804795,"w":-0.20657454431056977},"size":0.608812689781189,"orthographic":false}