{"cameraMode":{"drawMode":0,"name":"Shaded","section":"Shading Mode"},"sceneLighting":true,"audioPlay":false,"sceneViewState":{"showFog":true,"showMaterialUpdate":false,"showSkybox":true,"showFlares":true,"showImageEffects":true,"showParticleSystems":true},"in2DMode":false,"pivot":{"x":-4.157252311706543,"y":-1.3696227073669434,"z":-7.743544578552246},"rotation":{"x":-0.0017363617662340403,"y":0.9899209141731262,"z":-0.1411270648241043,"w":-0.01217591855674982},"size":7.096217155456543,"orthographic":false}